{
	"credit": "Made with Blockbench",
	"textures": {
		"0": "item/specialitems/revivaltome",
		"particle": "item/specialitems/revivaltome"
	},
	"elements": [
		{
			"from": [6.525, 2.7, 3.95],
			"to": [7.525, 3.7, 13.05],
			"faces": {
				"north": {"uv": [0, 12, 1, 13], "texture": "#0"},
				"east": {"uv": [0, 12, 9.1, 13], "texture": "#0"},
				"south": {"uv": [8, 12, 9, 13], "texture": "#0"},
				"west": {"uv": [0, 12, 9.1, 13], "texture": "#0"},
				"up": {"uv": [0, 12, 9.1, 13], "rotation": 270, "texture": "#0"},
				"down": {"uv": [0, 12, 9.1, 13], "rotation": 270, "texture": "#0"}
			}
		},
		{
			"from": [7.6, -0.1, 4],
			"to": [15.6, 0.9, 13],
			"rotation": {"angle": 22.5, "axis": "z", "origin": [0, 0, 0]},
			"faces": {
				"north": {"uv": [0, 10, 8, 11], "texture": "#0"},
				"east": {"uv": [0, 12, 9, 13], "texture": "#0"},
				"south": {"uv": [0, 10, 8, 11], "texture": "#0"},
				"west": {"uv": [0, 12, 9, 13], "texture": "#0"},
				"up": {"uv": [0, 0, 8, 9], "texture": "#0"},
				"down": {"uv": [0, 0, 8, 9], "texture": "#0"}
			}
		},
		{
			"from": [-2.575, 5.3, 4],
			"to": [5.425, 6.3, 13],
			"rotation": {"angle": -22.5, "axis": "z", "origin": [0, 0, 0]},
			"faces": {
				"north": {"uv": [0, 10, 8, 11], "texture": "#0"},
				"east": {"uv": [0, 12, 9, 13], "texture": "#0"},
				"south": {"uv": [0, 10, 8, 11], "texture": "#0"},
				"west": {"uv": [0, 12, 9, 13], "texture": "#0"},
				"up": {"uv": [0, 0, 8, 9], "texture": "#0"},
				"down": {"uv": [0, 0, 8, 9], "texture": "#0"}
			}
		},
		{
			"from": [-2.1, 6, 4.4],
			"to": [4.9, 7, 12.4],
			"rotation": {"angle": -22.5, "axis": "z", "origin": [0, 0, 0]},
			"faces": {
				"north": {"uv": [9, 8, 16, 9], "texture": "#0"},
				"east": {"uv": [9, 8, 10, 16], "rotation": 90, "texture": "#0"},
				"south": {"uv": [9, 8, 16, 9], "texture": "#0"},
				"west": {"uv": [9, 8, 10, 16], "rotation": 90, "texture": "#0"},
				"up": {"uv": [9, 8, 16, 16], "texture": "#0"},
				"down": {"uv": [9, 8, 16, 16], "texture": "#0"}
			}
		},
		{
			"from": [7.9, 0.7, 4.4],
			"to": [14.9, 1.7, 12.4],
			"rotation": {"angle": 22.5, "axis": "z", "origin": [0, 0, 0]},
			"faces": {
				"north": {"uv": [9, 8, 16, 9], "texture": "#0"},
				"east": {"uv": [9, 8, 10, 16], "rotation": 90, "texture": "#0"},
				"south": {"uv": [9, 8, 16, 9], "texture": "#0"},
				"west": {"uv": [9, 8, 10, 16], "rotation": 90, "texture": "#0"},
				"up": {"uv": [9, 8, 16, 16], "texture": "#0"},
				"down": {"uv": [9, 8, 16, 16], "texture": "#0"}
			}
		},
		{
			"from": [7.2, 4.4, 4.35],
			"to": [8.2, 5.2, 12.45],
			"rotation": {"angle": -22.5, "axis": "z", "origin": [6.5, 8.05, 8]},
			"faces": {
				"north": {"uv": [8, 0, 9, 0.8], "texture": "#0"},
				"east": {"uv": [8, 0, 8.8, 8.1], "rotation": 90, "texture": "#0"},
				"south": {"uv": [8, 0, 9, 0.8], "texture": "#0"},
				"west": {"uv": [8, 0, 8.8, 8.1], "rotation": 90, "texture": "#0"},
				"up": {"uv": [8, 0, 9, 8.1], "texture": "#0"},
				"down": {"uv": [8, 0, 9, 8.1], "texture": "#0"}
			}
		}
	],
	"display": {
		"ground": {
			"rotation": [-45, 0.16, 0],
			"translation": [1.5, 4, -1.25]
		}
	},
	"groups": [
		{
			"name": "group",
			"origin": [0, 0, 0],
			"color": 0,
			"children": [0, 1, 2]
		},
		{
			"name": "group",
			"origin": [8, 8, 8],
			"color": 0,
			"children": [3, 4]
		},
		5
	]
}