{
	"parent": "item/handheld",
	"textures": {
		"layer0": "item/amethyst_shard"
	},
	
	"overrides": [
		{"predicate": {"custom_model_data":1}, "model": "item/amethyst_shard/1"},
		{"predicate": {"custom_model_data":3}, "model": "item/amethyst_shard/3"},
		{"predicate": {"custom_model_data":5}, "model": "item/amethyst_shard/5"},
		{"predicate": {"custom_model_data":7}, "model": "item/amethyst_shard/7"},
		{"predicate": {"custom_model_data":9}, "model": "item/amethyst_shard/9"},
		{"predicate": {"custom_model_data":11}, "model": "item/amethyst_shard/11"},
		{"predicate": {"custom_model_data":13}, "model": "item/amethyst_shard/13"},
		{"predicate": {"custom_model_data":21}, "model": "item/amethyst_shard/21"},
		{"predicate": {"custom_model_data":23}, "model": "item/amethyst_shard/23"},
		{"predicate": {"custom_model_data":25}, "model": "item/amethyst_shard/25"},
                {"predicate": {"custom_model_data":27}, "model": "item/amethyst_shard/27"},
		{"predicate": {"custom_model_data":29}, "model": "item/amethyst_shard/29"},
		{"predicate": {"custom_model_data":31}, "model": "item/amethyst_shard/31"},
		{"predicate": {"custom_model_data":33}, "model": "item/amethyst_shard/33"},
		{"predicate": {"custom_model_data":41}, "model": "item/amethyst_shard/41"},
		{"predicate": {"custom_model_data":43}, "model": "item/amethyst_shard/43"},
		{"predicate": {"custom_model_data":45}, "model": "item/amethyst_shard/45"},
		{"predicate": {"custom_model_data":47}, "model": "item/amethyst_shard/47"},
		{"predicate": {"custom_model_data":49}, "model": "item/amethyst_shard/49"},
		{"predicate": {"custom_model_data":51}, "model": "item/amethyst_shard/51"},
		{"predicate": {"custom_model_data":53}, "model": "item/amethyst_shard/53"},
		{"predicate": {"custom_model_data":61}, "model": "item/amethyst_shard/61"},
		{"predicate": {"custom_model_data":63}, "model": "item/amethyst_shard/63"},
		{"predicate": {"custom_model_data":65}, "model": "item/amethyst_shard/65"},
		{"predicate": {"custom_model_data":67}, "model": "item/amethyst_shard/67"},
		{"predicate": {"custom_model_data":69}, "model": "item/amethyst_shard/69"},
		{"predicate": {"custom_model_data":71}, "model": "item/amethyst_shard/71"},
		{"predicate": {"custom_model_data":73}, "model": "item/amethyst_shard/73"},
		{"predicate": {"custom_model_data":81}, "model": "item/amethyst_shard/81"},
		{"predicate": {"custom_model_data":83}, "model": "item/amethyst_shard/83"},
		{"predicate": {"custom_model_data":85}, "model": "item/amethyst_shard/85"},
		{"predicate": {"custom_model_data":87}, "model": "item/amethyst_shard/87"},
		{"predicate": {"custom_model_data":89}, "model": "item/amethyst_shard/89"},
		{"predicate": {"custom_model_data":91}, "model": "item/amethyst_shard/91"},
		{"predicate": {"custom_model_data":93}, "model": "item/amethyst_shard/93"},
		{"predicate": {"custom_model_data":95}, "model": "item/amethyst_shard/95"},
		{"predicate": {"custom_model_data":97}, "model": "item/amethyst_shard/97"},
		{"predicate": {"custom_model_data":117}, "model": "item/amethyst_shard/99"},
		{"predicate": {"custom_model_data":137}, "model": "item/amethyst_shard/101"},
		{"predicate": {"custom_model_data":157}, "model": "item/amethyst_shard/103"},
		{"predicate": {"custom_model_data":177}, "model": "item/amethyst_shard/105"}
	]
}