{
    "parent": "builtin/generated",
    "gui_light": "front",
    "gui_shade": "true",
    "display": {
        "ground": {
            "rotation": [ 0, 0, 0 ],
            "translation": [ 0, 4, 0],
            "scale":[ 0.5, 0.5, 1 ]
        },
        "head": {
            "rotation": [ 0, 180, 0 ],
            "translation": [ 0, 13, 7],
            "scale":[ 1, 1, 1]
        },
        "thirdperson_righthand": {
            "rotation": [ 135, 90, -90 ],
            "translation": [ 0, -1.4, -1.6 ],
            "scale": [ 0.4, 0.4, 0.9 ]
        },
        "gui": {
            "rotation": [ -20, -20, 0 ],
            "translation": [ 0, 0, 0 ],
            "scale": [ 0.78, 0.8, 4.5 ]
        },
        "thirdperson_lefthand": {
            "rotation": [ 135, 90, 180 ],
            "translation": [ 0, -1.4, -1.6 ],
            "scale": [ 0.4, 0.4, 0.9 ]
        },
        "firstperson_righthand": {
            "rotation": [ 210, 270, 240 ],
            "translation": [ 2.1, 3, 1.13],
            "scale": [ 0.2, 0.2, 0.45 ]
        },
        "firstperson_lefthand": {
            "rotation": [ -30, 90, 0 ],
            "translation": [ 2.1, 3, 1.13],
            "scale": [ 0.2, 0.2, 0.45 ]
        },
        "fixed": {
            "rotation": [ 0, 180, 0 ],
            "scale": [ 2, 2, 2 ]
        }
    }
}
